{
    "username": "admn68",
    "password": "ghfdrf#%$5323",
    "personal_info": {
        "full_name": "John",
        "father_name": "abc",
        "mother_name": "abc",
        "nid": "2142342",
        "dob": "2025-01-07",
        "gender": "Nursing Assistant",
        "address": "sbhnrdehbt"
    },
    "professional_info": {
        "certification_code": "123",
        "employee_id": "john123",
        "position": "Nursing Assistant",
        "date_of_joining": "2025-01-07"
    },
    "contact_details": {
        "phone": "00000000000",
        "email": "abidhasan0199@gmail.com",
        "present_address": "sbhnrdehbt"
    }
}